{
    "name": "root",
    "gauges": {
        "Fish.Policy.Entropy.mean": {
            "value": 2.193518877029419,
            "min": 2.1120853424072266,
            "max": 2.1935360431671143,
            "count": 200
        },
        "Fish.Policy.Entropy.sum": {
            "value": 22812.595703125,
            "min": 20282.953125,
            "max": 22812.775390625,
            "count": 200
        },
        "Fish.Step.mean": {
            "value": 1999928.0,
            "min": 9900.0,
            "max": 1999928.0,
            "count": 200
        },
        "Fish.Step.sum": {
            "value": 1999928.0,
            "min": 9900.0,
            "max": 1999928.0,
            "count": 200
        },
        "Fish.Policy.ExtrinsicValueEstimate.mean": {
            "value": 0.06367522478103638,
            "min": -0.11367235332727432,
            "max": 0.14013347029685974,
            "count": 200
        },
        "Fish.Policy.ExtrinsicValueEstimate.sum": {
            "value": 6.367522239685059,
            "min": -11.36723518371582,
            "max": 14.013347625732422,
            "count": 200
        },
        "Fish.Environment.EpisodeLength.mean": {
            "value": 499.0,
            "min": 335.6666666666667,
            "max": 29155.0,
            "count": 200
        },
        "Fish.Environment.EpisodeLength.sum": {
            "value": 1497.0,
            "min": 998.0,
            "max": 87465.0,
            "count": 200
        },
        "Fish.Environment.CumulativeReward.mean": {
            "value": 0.6666666666666666,
            "min": -1.5,
            "max": 4.0,
            "count": 200
        },
        "Fish.Environment.CumulativeReward.sum": {
            "value": 2.0,
            "min": -4.0,
            "max": 15.0,
            "count": 200
        },
        "Fish.Policy.ExtrinsicReward.mean": {
            "value": 0.6666666666666666,
            "min": -1.5,
            "max": 4.0,
            "count": 200
        },
        "Fish.Policy.ExtrinsicReward.sum": {
            "value": 2.0,
            "min": -4.0,
            "max": 15.0,
            "count": 200
        },
        "Fish.IsTraining.mean": {
            "value": 1.0,
            "min": 1.0,
            "max": 1.0,
            "count": 200
        },
        "Fish.IsTraining.sum": {
            "value": 1.0,
            "min": 1.0,
            "max": 1.0,
            "count": 200
        },
        "Fish.Losses.PolicyLoss.mean": {
            "value": 0.020834859848643344,
            "min": 0.013984104587386052,
            "max": 0.034430074598640205,
            "count": 192
        },
        "Fish.Losses.PolicyLoss.sum": {
            "value": 0.020834859848643344,
            "min": 0.013984104587386052,
            "max": 0.034430074598640205,
            "count": 192
        },
        "Fish.Losses.ValueLoss.mean": {
            "value": 0.06643164580066999,
            "min": 0.014457712012032668,
            "max": 0.0708191695312659,
            "count": 192
        },
        "Fish.Losses.ValueLoss.sum": {
            "value": 0.06643164580066999,
            "min": 0.014457712012032668,
            "max": 0.0708191695312659,
            "count": 192
        },
        "Fish.Policy.LearningRate.mean": {
            "value": 5.058998313999894e-07,
            "min": 5.058998313999894e-07,
            "max": 0.00029844000051999997,
            "count": 192
        },
        "Fish.Policy.LearningRate.sum": {
            "value": 5.058998313999894e-07,
            "min": 5.058998313999894e-07,
            "max": 0.00029844000051999997,
            "count": 192
        },
        "Fish.Policy.Epsilon.mean": {
            "value": 0.10016859999999998,
            "min": 0.10016859999999998,
            "max": 0.19948000000000007,
            "count": 192
        },
        "Fish.Policy.Epsilon.sum": {
            "value": 0.10016859999999998,
            "min": 0.10016859999999998,
            "max": 0.19948000000000007,
            "count": 192
        },
        "Fish.Policy.Beta.mean": {
            "value": 1.841313999999983e-05,
            "min": 1.841313999999983e-05,
            "max": 0.004974052000000002,
            "count": 192
        },
        "Fish.Policy.Beta.sum": {
            "value": 1.841313999999983e-05,
            "min": 1.841313999999983e-05,
            "max": 0.004974052000000002,
            "count": 192
        }
    },
    "metadata": {
        "timer_format_version": "0.1.0",
        "start_time_seconds": "1658082145",
        "python_version": "3.7.9 (tags/v3.7.9:13c94747c7, Aug 17 2020, 18:58:18) [MSC v.1900 64 bit (AMD64)]",
        "command_line_arguments": "C:\\Users\\hm\\AppData\\Local\\Programs\\Python\\Python37\\Scripts\\mlagents-learn F:\\mlagent/Fish3.yaml --run-id=FishTest12",
        "mlagents_version": "0.29.0.dev0",
        "mlagents_envs_version": "0.29.0.dev0",
        "communication_protocol_version": "1.5.0",
        "pytorch_version": "1.7.1+cu110",
        "numpy_version": "1.21.2",
        "end_time_seconds": "1658084814"
    },
    "total": 2668.1721268,
    "count": 1,
    "self": 0.005209299999933137,
    "children": {
        "run_training.setup": {
            "total": 0.04814990000000008,
            "count": 1,
            "self": 0.04814990000000008
        },
        "TrainerController.start_learning": {
            "total": 2668.1187676,
            "count": 1,
            "self": 3.895881900036329,
            "children": {
                "TrainerController._reset_env": {
                    "total": 4.9773098000000005,
                    "count": 1,
                    "self": 4.9773098000000005
                },
                "TrainerController.advance": {
                    "total": 2659.2072503999634,
                    "count": 250339,
                    "self": 4.226264799949604,
                    "children": {
                        "env_step": {
                            "total": 2357.9615241000065,
                            "count": 250339,
                            "self": 1645.8295761999989,
                            "children": {
                                "SubprocessEnvManager._take_step": {
                                    "total": 709.702215600005,
                                    "count": 250340,
                                    "self": 11.158469900109367,
                                    "children": {
                                        "TorchPolicy.evaluate": {
                                            "total": 698.5437456998957,
                                            "count": 250105,
                                            "self": 355.8235531998189,
                                            "children": {
                                                "TorchPolicy.sample_actions": {
                                                    "total": 342.7201925000768,
                                                    "count": 250105,
                                                    "self": 342.7201925000768
                                                }
                                            }
                                        }
                                    }
                                },
                                "workers": {
                                    "total": 2.4297323000024793,
                                    "count": 250339,
                                    "self": 0.0,
                                    "children": {
                                        "worker_root": {
                                            "total": 2641.6588392999465,
                                            "count": 250339,
                                            "is_parallel": true,
                                            "self": 1203.9920811999546,