{"count":1,"self":1647.0299648,"total":3318.4833227999998,"children":{"InitializeActuators":{"count":2,"self":0.0019944999999999997,"total":0.0019944999999999997,"children":null},"InitializeSensors":{"count":2,"self":0.0015317999999999998,"total":0.0015317999999999998,"children":null},"AgentSendState":{"count":2579101,"self":2.6508735999999997,"total":7.3012473999999994,"children":{"CollectObservations":{"count":257911,"self":0.44748089999999996,"total":0.44748089999999996,"children":null},"WriteActionMask":{"count":257911,"self":0.1445708,"total":0.1445708,"children":null},"RequestDecision":{"count":257911,"self":0.9414036,"total":4.0583221,"children":{"AgentInfo.ToProto":{"count":257911,"self":1.1565508,"total":3.1169184999999997,"children":{"GenerateSensorData":{"count":257911,"self":1.9603675999999999,"total":1.9603677,"children":null}}}}}}},"DecideAction":{"count":2579101,"self":1645.6781824,"total":1645.6782206,"children":null},"AgentAct":{"count":2579101,"self":18.401712,"total":18.4424392,"children":{"AgentInfo.ToProto":{"count":3472,"self":0.0129357,"total":0.0407277,"children":{"GenerateSensorData":{"count":3472,"self":0.027791999999999997,"total":0.027791999999999997,"children":null}}}}},"AgentInfo.ToProto":{"count":1698,"self":0.0069812999999999993,"total":0.026906,"children":{"GenerateSensorData":{"count":1698,"self":0.0199247,"total":0.0199247,"children":null}}}},"gauges":{"Fish.CumulativeReward":{"count":5170,"max":2,"min":-0.9,"runningAverage":0.00483559,"value":0,"weightedAverage":-0.0831248462}},"metadata":{"timer_format_version":"0.1.0","start_time_seconds":"1658046535","unity_version":"2021.3.5f1","command_line_arguments":"C:\\Program Files\\Unity\\Hub\\Editor\\2021.3.5f1\\Editor\\Unity.exe -projectpath D:\\Github\\ML_Project\\ML_Project -useHub -hubIPC -cloudEnvironment production -licensingIpc LicenseClient-1905-023 -hubSessionId 178f5870-0556-11ed-b439-2b3d62883b99 -accessToken fR7_Qm9TGeXDcyR0z1RG77OZUmObqBQqVUO7HJx1RHo00df","communication_protocol_version":"1.5.0","com.unity.ml-agents_version":"2.0.1","scene_name":"SampleScene","end_time_seconds":"1658049853"}}