{"count":1,"self":2793.0198016,"total":6319.9078651,"children":{"InitializeActuators":{"count":2,"self":0.0019947999999999997,"total":0.0019947999999999997,"children":null},"InitializeSensors":{"count":2,"self":0.0019944,"total":0.0019944,"children":null},"AgentSendState":{"count":5333134,"self":5.587508,"total":194.97398049999998,"children":{"CollectObservations":{"count":533314,"self":2.3430012,"total":2.3430013,"children":null},"WriteActionMask":{"count":533314,"self":0.265298,"total":0.265298,"children":null},"RequestDecision":{"count":533314,"self":1.9545211999999998,"total":186.7781732,"children":{"AgentInfo.ToProto":{"count":533314,"self":2.9703032,"total":184.8236521,"children":{"GenerateSensorData":{"count":533314,"self":181.85335039999998,"total":181.8533489,"children":null}}}}}}},"DecideAction":{"count":5333134,"self":3292.4295168,"total":3292.4294317999997,"children":null},"AgentAct":{"count":5333134,"self":38.7112128,"total":38.9005234,"children":{"AgentInfo.ToProto":{"count":536,"self":0.0041159,"total":0.18931019999999998,"children":{"GenerateSensorData":{"count":536,"self":0.18519429999999998,"total":0.18519429999999998,"children":null}}}}},"AgentInfo.ToProto":{"count":1706,"self":0.005991,"total":0.5791971,"children":{"GenerateSensorData":{"count":1706,"self":0.57320609999999994,"total":0.57320609999999994,"children":null}}}},"gauges":{"Fish.CumulativeReward":{"count":2242,"max":20,"min":-0.01,"runningAverage":3.65986657,"value":10,"weightedAverage":5.21883154}},"metadata":{"timer_format_version":"0.1.0","start_time_seconds":"1658056878","unity_version":"2021.3.5f1","command_line_arguments":"C:\\Program Files\\Unity\\Hub\\Editor\\2021.3.5f1\\Editor\\Unity.exe -projectpath D:\\Github\\ML_Project\\ML_Project -useHub -hubIPC -cloudEnvironment production -licensingIpc LicenseClient-1905-023 -hubSessionId 178f5870-0556-11ed-b439-2b3d62883b99 -accessToken fR7_Qm9TGeXDcyR0z1RG77OZUmObqBQqVUO7HJx1RHo00df","communication_protocol_version":"1.5.0","com.unity.ml-agents_version":"2.0.1","scene_name":"SampleScene","end_time_seconds":"1658063198"}}