{"count":1,"self":464.333824,"total":590.9785558,"children":{"InitializeActuators":{"count":48,"self":0.0019944,"total":0.0019944,"children":null},"InitializeSensors":{"count":48,"self":0.0009973,"total":0.0009973,"children":null},"AgentSendState":{"count":25351,"self":0.32750599999999996,"total":25.4642885,"children":{"CollectObservations":{"count":121704,"self":0.0164528,"total":0.0164528,"children":null},"WriteActionMask":{"count":121704,"self":0.0540349,"total":0.0540349,"children":null},"RequestDecision":{"count":121704,"self":0.24443769999999998,"total":25.066294799999998,"children":{"AgentInfo.ToProto":{"count":121704,"self":0.2917112,"total":24.8218571,"children":{"GenerateSensorData":{"count":121704,"self":24.530145599999997,"total":24.530145899999997,"children":null}}}}}}},"DecideAction":{"count":25351,"self":95.4681664,"total":95.468168699999993,"children":null},"AgentAct":{"count":25351,"self":2.0658298,"total":2.0728457,"children":{"AgentInfo.ToProto":{"count":25,"self":0,"total":0.0070158999999999994,"children":{"GenerateSensorData":{"count":25,"self":0.0070158999999999994,"total":0.0070158999999999994,"children":null}}}}},"AgentInfo.ToProto":{"count":11542,"self":0.0546221,"total":3.6364148,"children":{"GenerateSensorData":{"count":11542,"self":3.5817927999999997,"total":3.5817927,"children":null}}}},"gauges":{"Fish.CumulativeReward":{"count":11567,"max":168.051056,"min":-0.9,"runningAverage":5.29023933,"value":2.74999952,"weightedAverage":6.170174}},"metadata":{"timer_format_version":"0.1.0","start_time_seconds":"1658149137","unity_version":"2021.3.5f1","command_line_arguments":"C:\\Program Files\\Unity\\Hub\\Editor\\2021.3.5f1\\Editor\\Unity.exe -projectpath D:\\Github\\ML_Project\\ML_Project -useHub -hubIPC -cloudEnvironment production -licensingIpc LicenseClient-1905-023 -hubSessionId 81698840-062f-11ed-ac84-4710487a1c4f -accessToken haQH9LrqAaaF9Qnr7LC9z4-61cJ6s683ULoiP-oz3YQ00df","communication_protocol_version":"1.5.0","com.unity.ml-agents_version":"2.0.1","scene_name":"SampleScene","end_time_seconds":"1658149728"}}