{"count":1,"self":131.64672,"total":1130.6770612999999,"children":{"InitializeActuators":{"count":96,"self":0.0010002,"total":0.0010002,"children":null},"InitializeSensors":{"count":96,"self":0.0010003,"total":0.0010003,"children":null},"AgentSendState":{"count":208517,"self":2.0426764,"total":201.668198,"children":{"CollectObservations":{"count":2001792,"self":0.2095531,"total":0.2095531,"children":null},"WriteActionMask":{"count":2001792,"self":0.31702759999999996,"total":0.31702759999999996,"children":null},"RequestDecision":{"count":2001792,"self":1.5194965999999999,"total":199.09894079999998,"children":{"AgentInfo.ToProto":{"count":2001792,"self":1.4777056,"total":197.57944419999998,"children":{"GenerateSensorData":{"count":2001792,"self":196.1017344,"total":196.1017386,"children":null}}}}}}},"DecideAction":{"count":208517,"self":763.8406656,"total":763.84065579999992,"children":null},"AgentAct":{"count":208517,"self":19.0841408,"total":19.0881397,"children":{"AgentInfo.ToProto":{"count":54,"self":0,"total":0.0039991,"children":{"GenerateSensorData":{"count":54,"self":0.0039991,"total":0.0039991,"children":null}}}}},"AgentInfo.ToProto":{"count":74250,"self":0.24560169999999998,"total":14.431349299999999,"children":{"GenerateSensorData":{"count":74250,"self":14.1857472,"total":14.1857476,"children":null}}}},"gauges":{"Fish.CumulativeReward":{"count":74304,"max":582.288635,"min":-0.49999997,"runningAverage":40.4544258,"value":37.7999535,"weightedAverage":60.9705238}},"metadata":{"timer_format_version":"0.1.0","start_time_seconds":"1658164949","unity_version":"2021.3.1f1","command_line_arguments":"C:\\Program Files\\Unity\\Hub\\Editor\\2021.3.1f1\\Editor\\Unity.exe -projectpath F:\\GitHub\\Unity__Project\\ML_Project\\ML_Project -useHub -hubIPC -cloudEnvironment production -licensingIpc LicenseClient-hm -hubSessionId 023c91f0-06b3-11ed-abf9-67599fbf415a -accessToken ewPhwnXW0amugqE0hTGjCjfWiFHfnTWGjXP317k3q6M00df","communication_protocol_version":"1.5.0","com.unity.ml-agents_version":"2.0.1","scene_name":"SampleScene","end_time_seconds":"1658166080"}}